Variance,Skewness,Kurtosis,Entropy
8535.384699324544,0.2173924327619452,-1.564851170702466,0.9267381053064496
