Variance,Skewness,Kurtosis,Entropy
3842.877332656759,0.6222548212705505,0.3866641391202492,1.146228888402763
